" The customer does not exist in the system anymore."," El cliente ha dejado de existir en el sistema."
" [deleted]"," [borrado]"
" and "," y "
"%s (Default Template from Locale)","%s (Plantilla predeterminadas desde Local)"
"%s cache type(s) disabled.","%s tipo(s) de cache inhabilitado."
"%s cache type(s) enabled.","%s tipo(s) de cache habilitado."
"%s cache type(s) refreshed.","%s tipo(s) de cache actualizado."
"(For Type ""Local Server"" need to use relative path to Magento install var/export or var/import, e.g. var/export, var/import, var/export/some/dir, var/import/some/dir)","(Para el ""Servidor Local"" necesitará usar ruta relativa para instalar Magento var/export or var/import, e.g. var/export, var/import, var/export/some/dir, var/import/some/dir)"
"(For US 2-letter state names)","(Para Estados Unidos los nombres de estado de 2 letras)"
"(If left empty will be auto-generated)","(Si se deja en blando será autogenerado)"
"(Leave empty for first spreadsheet)","(Dejar vacio para la primer hoja de cálculo)"
"(Products will be added/updated to this store if 'store' column is blank or missing in the import file.)","(Los productos serán añadidos o actualizados para esta tienda si la columna ""tienda"" esta en blanco o perdida en el archivo de importación.)"
"(Shift-)Click or drag to change value","(Shift-)Clic o arrastre para cambiar valor"
"(Starting with)","(Comienza con)"
"(When 'No', only mapped fields will be imported. When mapping, use 'column1', 'column2', etc.)","(Cuando sea 'No', sólo los campos trazados serán importados. Cuando sea trazado, utilice 'columna1', 'columna2', etc.)"
"(You have to increase php memory_limit before changing this value)","(Tiene que incrementar php memory_limit antes de cambiar este valor)"
"(\\t for tab)","(\\t para tab)"
"* - If indexing is in progress, it will be killed and new indexing process will start.","* - Si la indexación esta en progreso, será anulada y un proceso nuevo de indexación comenzará"
"* Required Fields","* Campos Obligatorios"
"- Click on any of the time parts to increase it","- Clic en cualquiera de las partes de la hora para aumentarla"
"- Hold mouse button on any of the above buttons for faster selection.","- Sostenga el botón del mouse en cualquiera de los botones de arriba para una selección más rápida."
"- Use the %s buttons to select month","- Utilice el botón %s para seleccionar mes"
"- Use the %s, %s buttons to select year","- Utilice los %s, %s botones para seleccionar mes"
"- or Shift-click to decrease it","- shift-clic para aumentarlo"
"- or click and drag for faster selection.","- o clic y arrastre para selección más rápida."
"-- Not Selected --","-- No Seleccionado --"
"-- Please Select --","-- Favor de seleccionar --"
"-- Please Select Billing Agreement--","-- Favor de seleccionar el Acuerdo de Pago --"
"-- Please Select a Category --","-- Favor de seleccionar una Categoría --"
"-- Please select --","-- Favor de seleccionar --"
"--Please Select--","--Favor de seleccionar--"
"1 Hour","1 Hora"
"12 Hours","12 Horas"
"12h AM/PM","12h AM/PM"
"2 Hours","2 Horas"
"24 Hours","24 Horas"
"24h","24h"
"2YTD","2AHD"
"6 Hours","6 Horas"
"<h1 class=""page-heading"">404 Error</h1><p>Page not found.</p>","<h1 class=""page-heading""> Error 404 </h1><p>Página no encontrada.</p>"
"<strong>%s</strong> requests access to your account","<strong>%s</strong> solicita acceso a tu cuenta"
"<strong>Attention</strong>: Captcha is case sensitive.","<strong>Atención</strong>: Ingresa el codigo con mayúsculas y minúsculas."
"A user with the same user name or email aleady exists.","Un usuario con el mismo nombre de usuario o dirección de correo electrónico ya existe."
"API Key","API Key"
"API Key Confirmation","API Key Confirmation"
"ASCII","ASCII"
"Abandoned Carts","Carritos Abandonados"
"About the calendar","Acerca del calendario"
"Access Denied","Acceso Denegado"
"Access denied","Acceso denegado"
"Access denied.","Acceso denegado."
"Account Created in:","Cuenta creada en:"
"Account Created on (%s):","Cuenta creada en (%s):"
"Account Created on:","Cuenta creada en:"
"Account Information","Información de la Cuenta"
"Account Status","Estado de la cuenta"
"Account status","Estado de la cuenta"
"Action","Acción"
"Actions","Acciones"
"Actions XML","Acciones XML"
"Active","Activo"
"Add","Añadir"
"Add Exception","Añadir Excepción"
"Add Field Mapping","Añadir Campo Seleccionado"
"Add Field with URL:","Añadir Campo con URL:"
"Add New","Añadir Nuevo"
"Add New Image","Añadir Nueva Imágen"
"Add New Profile","Añadir Nuevo Perfil"
"Add New Role","Añadir Nuevo Rol"
"Add New Template","Añadir Nueva Plantilla"
"Add New URL Rewrite","Añadir Reescritura de URL"
"Add New User","Añadir Nuevo Usuario"
"Add New Variable","Añadir Nueva Variable"
"Add Products","Añadir Productos"
"Add URL Rewrite","Añadir Reescritura de URL"
"Add URL Rewrite for a Category","Añadir Reescritura de URL para una Categoría"
"Add URL Rewrite for a Product","Añadir Reescritura de URL para un Producto"
"Add after","Añadir después"
"Additional Cache Management","Gestión de caché Adicional"
"Address Type:","Tipo de Dirección:"
"Admin","Administrador"
"Advanced Admin Section","Sección de Administrador Avanzada"
"Advanced Profiles","Perfiles Avanzados"
"Advanced Section","Sección Avanzada"
"After authorization application will have access to you account.","Después de que un administrador lo apruebe, usted tendrá acceso a su cuenta."
"All","Todos"
"All Allowed Countries","Todos los países permitidos"
"All Cache","Toda la Cache"
"All Files","Todos los Archivos"
"All Reviews","Todos los Comentarios"
"All Store Views","Toda las Vistas de la Tienda"
"All Tags","Todas las etiquetas"
"All Websites","Todos los sitios web"
"All countries","Todos los países"
"All fields","Todos los campos"
"All possible rates were fetched, please click on ""Save"" to apply","Todas las tarifas posibles fueron traídas, clic en ""Guardar"" para aplicar"
"All rates were fetched, please click on ""Save"" to apply","Todas las tarifas posibles fueron traídas, clic en ""Guardar"" para aplicar"
"All valid rates have been saved.","Todas las tarifas validas fueron guardadas exitosamente."
"Always (during development)","Siempre (durante el desarrollo)"
"Amounts","Cantidades"
"An error has occured while syncronizing media storages.","Se ha producido un error al sincronizar el almacenamiento de datos multimedia."
"An error occurred while clearing the JavaScript/CSS cache.","Se produjo un error al borrar la cache JavaScript/CSS."
"An error occurred while clearing the configurable swatches image cache.","Se produjo un error al borrar la caché de imágenes muestras configurables."
"An error occurred while clearing the image cache.","Se produjo un error al borrar la caché de imágenes."
"An error occurred while deleting URL Rewrite.","Se produjo un error al eliminar reescritura de URL."
"An error occurred while deleting email template data. Please review log and try again.","Se produjo un error al eliminar datos de la plantilla de email. Revise el log y vuelva a intentarlo."
"An error occurred while deleting record(s).","Se produjo un error al eliminar el Registro(s)."
"An error occurred while deleting this role.","Se produjo un error al eliminar un Rol."
"An error occurred while deleting this set.","Se produjo un error al eliminar este Conjunto"
"An error occurred while deleting this template.","Se produjo un error al eliminar esta Plantilla"
"An error occurred while finishing process. Please refresh the cache","Se produjo un error mientras terminaba el proceso. Por favor, actualice la caché"
"An error occurred while rebuilding the CatalogInventory Stock Status.","Se produjo un error al reconstruir el estado del Catálogo/Inventario/Stock."
"An error occurred while rebuilding the catalog index.","Se produjo un error al reconstruir el índice del catálogo."
"An error occurred while rebuilding the flat catalog category.","Se produjo un error al reconstruir el flat catalog category."
"An error occurred while rebuilding the flat product catalog.","Se produjo un error al reconstruir el flat product catalog."
"An error occurred while rebuilding the search index.","Se produjo un error al reconstruir el índice de búsqueda."
"An error occurred while refreshing the Catalog Rewrites.","Se produjo un error al actualizar las Reescrituras del URL del Catálogo."
"An error occurred while refreshing the Layered Navigation indices.","Se produjo un error al actualizar los índices Capas Navegación."
"An error occurred while refreshing the catalog rewrites.","Se produjo un error al actualizar las Reescrituras del URL del Catálogo."
"An error occurred while refreshing the layered navigation indices.","Se produjo un error al actualizar los índices Capas Navegación."
"An error occurred while saving URL Rewrite.","Se produjo un error al guardar la Reescritura de URL."
"An error occurred while saving account.","Se produjo un error al guardar la cuenta."
"An error occurred while saving review.","Se produjo un error al guardar la Reseña."
"An error occurred while saving the customer.","Se produjo un error al guardar al cliente."
"An error occurred while saving this configuration:","Se produjo un error al guardar esta configuración:"
"An error occurred while saving this role.","Se produjo un error al guardar este Rol."
"An error occurred while saving this template.","Se produjo un error al guardar esta plantilla."
"An error occurred while updating the selected review(s).","Se produjo un error al actualizar la reseña(s) seleccionado."
"Any","Cualquiera"
"Any Attribute Set","Cualquier Conjunto de Atributos"
"Any Group","Cualquier Grupo"
"Any Status","Cualquier Estado"
"Any Store","Cualquier Tienda"
"Any Type","Cualquier Tipo"
"Any Visibility","Cualquier Visibilidad"
"Any data created since the backup was made will be lost including admin users, customers and orders.","Los datos creados desde que la copia de seguridad fué realizada se perderán, incluyendo los administradores, clientes y pedidos."
"Archive file name:","Nombre de Archivo:"
"Are you sure that you want to delete this template?","¿Está seguro de que desea eliminar esta plantilla?"
"Are you sure that you want to strip tags?","¿Está seguro que quiere borrar las etiquetas?"
"Are you sure you want to do this?","¿Esta seguro que desea hacer esto?"
"Are you sure you want to proceed?","¿¿Esta seguro que desea continuar?"
"Area","Área"
"As low as:","Más bajo Posible:"
"Assigned","Asignados"
"Associated Tags","Etiquetas Asociadas"
"Attribute Set Name:","Nombre del Conjunto de Atributos:"
"Attributes","Atributos"
"Authorization confirmed","Autorización confirmada"
"Authorize","Autorizar"
"Authorize application","Solicitud de Autorización"
"Authorized OAuth Tokens","Tokens OAuth Autorizados"
"Automatic (equalize price ranges)","Automático (igualar los rangos de precios)"
"Automatic (equalize product counts)","Automático (igualar el recuento de productos)"
"Average Order Amount","Importe promedio de pedidos"
"Average Orders","Pedidos promedio"
"BINARY","BINARIO"
"Back","Regresar"
"Back to Login","Volver al Inicio de Sesión"
"Backup","Respaldo"
"Backup Name","Nombre del Respaldo"
"Backup options","Options del Respaldo"
"Backups","Respaldos"
"Base currency","Divisa base"
"Bcc","Bcc"
"Bestsellers","Los más vendidos"
"Billing Address","Dirección de Envio"
"Billing Address: ","Dirección De Envio: "
"Billing Agreement","Acuerdo de pago"
"Billing Agreements","Acuerdo de pagos"
"Block Information","Bloque de Información"
"Both (without and with tax)","Ambos (con impuestos y sin ellos)"
"Both IPN and PDT","Both IPN and PDT"
"Browse Files...","Seleccionar Archivos..."
"Bundle with dynamic pricing cannot include custom defined options. Options will not be saved.","No pueden incluir opciones personalizadas en paquetes con precios dinámicos. Las opciones no se guardarán."
"CMS","CMS"
"CRITICAL","CRITICO"
"CSV","CSV"
"CSV / Tab separated","CSV / Tab separated"
"Cache Control","Control de Cache"
"Cache Control (beta)","Control de Cache (beta)"
"Cache Management","Gestión de Cache"
"Cache Type","Tipo de Caché"
"Cancel","Cancelar"
"Cannot add new comment.","No se puede añadir nuevo comentario."
"Cannot add tracking number.","No se puede añadir el número de seguimiento."
"Cannot create an invoice without products.","No se puede crear una factura sin productos."
"Cannot create credit memo for the order.","No se puede crear la Nota de Remisión para el pedido."
"Cannot delete the design change.","No se puede eliminar el cambio de diseño."
"Cannot delete tracking number.","No se puede eliminar el número de seguimiento."
"Cannot do shipment for the order separately from invoice.","No se puede hacer el envío del pedido por separado de la factura."
"Cannot do shipment for the order.","No se puede hacer el envío del pedido."
"Cannot initialize shipment for adding tracking number.","No se puede inicializar el envío para añadir el número de seguimiento."
"Cannot initialize shipment for delete tracking number.","No se puede inicializar el envío para borrar el número de seguimiento."
"Cannot load track with retrieving identifier.","No se puede cargar la trayectoria con la recuperación de identificador."
"Cannot retrieve tracking number detail.","No se puede recuperar el detalle del número de seguimiento."
"Cannot save shipment.","No se puede guardar el envío."
"Cannot save the credit memo.","No se puede guardar la nota de remisión."
"Cannot send shipment information.","No se puede enviar la información del envío."
"Cannot update item quantity.","No se puede actualizar la cantidad del artículo."
"Cannot update the item\'s quantity.","No se pueden actualizar las cantidades de los artículos."
"Catalog","Catálogo"
"Catalog Price Rules","Reglas de precio del Catálogo"
"Catalog Rewrites","Reescrituras del Catálogo"
"Categories","Categorías"
"Category","Categoría"
"Category:","Categoría:"
"Chart is disabled. If you want to enable chart, click <a href=""%s"">here</a>.","La gráfica está desactivado. Si desea activar la gráfica, haga clic en <a href=""%s"">aquí</a>."
"Checkbox","Checkbox"
"Child Transactions","Transacciones Menores"
"Choose Store View:","Seleccione la vista de la tienda:"
"Choose an attribute","Seleccione un atributo"
"Chosen category does not associated with any website, so url rewrite is not possible.","La categoría elegida no está asociada a ningún sitio, por lo la reescritura de la URL no es posible."
"Chosen product does not associated with any website, so url rewrite is not possible.","La categoría elegida no está asociada a ningún sitio, por lo la reescritura de la URL no es posible."
"Clear","Borrar"
"Close","Cerrar"
"Code","Código"
"Comment text field cannot be empty.","El campo para comentarios no puede dejarse vacío."
"Complete","Completo"
"Config form fieldset clone model required to be able to clone fields","Los campos de la forma para clonar el model, son necesarios para poder clonar campos"
"Configuration","Configuración"
"Confirm New Password","Confirmar nueva contraseña"
"Confirm token authorization Pop Up for admin","Confirme token de autorización Pop Up para el admin"
"Confirm token authorization for admin","Confirme token de autorización para el admin"
"Confirmation Of Authorization","Confirmación de la autorización"
"Confirmed email:","Confirmar email:"
"Connect with the Magento Community","Conectar con la Magento Community"
"Continue","Continuar"
"Convert to Plain Text","Convertir a texto plano"
"Cookie (unsafe)","Cookie (Insegura)"
"Country","País"
"Country:","País:"
"Coupons","Cupónes"
"Create","Crear"
"Create DB Backup","Crear Respaldo de BD"
"Create New Attribute","Crear atributo nuevo"
"Create URL Rewrite:","Crear Reescritura de la URL:"
"Created At","Creado el"
"Credit Card %s","Tarjeta de Crédito %s"
"Credit Memo History","Historial de las Notas de Remisión"
"Credit Memo Totals","Totales de las Notas de Remisión"
"Credit Memos","Notas de Remisión"
"Credit memo #%s comment added","Comentario #%s añadido a la Nota de Remisión"
"Credit memo #%s created","Nota de Remisión #%s creada"
"Credit memo\'s total must be positive.","El total de las Notas de Remisión debe de ser positivo"
"Currency","Divisa"
"Currency ""%s"" is used as %s in %s.","Divisa ""%s"" se utiliza como %s en %s."
"Currency Information","Información de la Divisa"
"Currency Setup Section","Sección para Establecer Divisa"
"Current Admin Password","Actual Contraseña del Administrador"
"Current Configuration Scope:","Alcance actual de la Configuración:"
"Current Month","Més Actual"
"Custom","Personalizar"
"Custom Variable ""%s""","Variable Personalizada ""%s"""
"Custom Variables","Variables Personalizadas"
"Customer","Cliente"
"Customer Group:","Grupo del Cliente:"
"Customer Groups","Grupo de Clientes"
"Customer Name","Nombre del Cliente"
"Customer Reviews","Comentarios del Cliente"
"Customer Shopping Carts","Carrito de Compra del Cliente"
"Customer Since:","Cliente desde:"
"Customer Tax Classes","Tipos de impuestos al Cliente"
"Customer with the same email already exists.","Ya existe un Cliente con el mismo correo electrónico."
"Customers","Clientes"
"Customers by Number of Orders","Número de Pedidos por Cliente"
"Customers by Orders Total","Valor Total del Pedido por Cliente"
"DHTML Date/Time Selector","DHTML Selector de Fecha/Hora"
"Dashboard","Tablero"
"Data Format","Formato de Datos"
"Data transfer:","Trasnferencia de Datos:"
"Database","Base de Datos"
"Dataflow - Advanced Profiles","Flujo de datos - Perfiles Avanzados"
"Dataflow - Profiles","Flujo de datos - Perfiles"
"Date","Fecha"
"Date & Time","Fecha & Hora"
"Date Added","Fecha de Alta"
"Date Updated","Fecha de Actualización"
"Date selection:","Selección de Fecha:"
"Date selector","Selector de Fecha"
"Day","Día"
"Decimal separator:","Separador Decimal:"
"Default (Admin) Values","Valores (Admin) predeterminados"
"Default Billing Address","Dirección de pago predeterminada"
"Default Config","Configuración predeterminada"
"Default Template from Locale","Plantilla predeterminada de configuración regional"
"Default Values","Valores Predeterminados"
"Default display currency ""%s"" is not available in allowed currencies.","Divisa de visualización por defecto ""%s"" no está disponible en divisas permitidas."
"Default scope","Alcance predeterminado"
"Delete","Borrar"
"Delete %s","Borrar %s"
"Delete %s '%s'","Borrar %s '%s'"
"Delete File","Eliminar Archivo"
"Delete Image","Eliminar Imagen"
"Delete Profile","Eliminar Perfil"
"Delete Role","Eliminar Rol"
"Delete Store","Eliminar Tienda"
"Delete Store View","Eliminar Vista de la Tienda"
"Delete Template","Eliminar Plantilla"
"Delete User","Eliminar Usuario"
"Delete Website","Eliminar Website"
"Description","Descripción"
"Design","Diseño"
"Design Section","Sección de Diseño"
"Details","Detalles"
"Developer Section","Developer Section"
"Direction:","Dirección:"
"Disable","Inhabilitar"
"Disabled","Inhabilitado"
"Display %s first","Mostrar %s primero"
"Display default currency","Mostrar la divisa predeterminada"
"Distributed under GNU LGPL. See %s for details.","Distribuido bajo GNU LGPL. Ver %s para más detalles."
"Do you really want to KILL parallel process and start new indexing process?","¿Realmente quiere anular el proceso en paralelo y empezar un proceso en paralelo de indexación?"
"Do you really want to proceed?","¿Realmente desea continuar?"
"Download","Descargar"
"Downloads","Descargas"
"Drag to move","Arrastre para mover"
"Drop-down","Desplegabel hacia abajo"
"Edit","Editar"
"Edit Design Change","Editar Cambio de Diseño"
"Edit Email Template","Editar plantilla de Email"
"Edit Order","Editar Pedido"
"Edit Poll","Editar encuesta"
"Edit Queue","Editar Cola"
"Edit Review","Editar Reseña"
"Edit Role","Editar Rol"
"Edit Store View","Editar Vista de la Tienda"
"Edit System Template","Editar Sistema de Plantillas"
"Edit Template","Editar Plantilla"
"Edit URL Rewrite","Editar Reescritura de URL"
"Edit User","Editar Usuario"
"Edit User '%s'","Editar Usuario '%s'"
"Edit Website","Editar Website"
"Email","Email"
"Email Address:","Dirección de Email:"
"Email to a Friend","Enviar email a un amigo"
"Email:","Email:"
"Enable","Habilitar"
"Enabled","Habilitado"
"Enclose Values In:","Adjuntar valores en:"
"Entity Attributes","Atributos de Entidad"
"Entity Type","Tipo de Entidad"
"Entity type:","Tipo de Entidad:"
"Error","Error"
"Excel XML","Excel XML"
"Excl. Tax","Excl. Impuestos"
"Exclude media folder from backup","Excluir carpeta multimeda del BackUp"
"Export","Exportar"
"Export CSV","Exportar CSV"
"Export Filters","Exportar Filtros"
"Export to:","Exportar a:"
"Export:","Exportar:"
"FTP Host","FTP Host"
"FTP Host[:Port]","FTP Host[:Port]"
"FTP Login","FTP Login"
"FTP Password","FTP Password"
"FTP credentials","FTP credentials"
"Failed","Fracasado"
"Failed to add a product to cart by id ""%s"".","Fallo al añadir un producto al carrito por id ""%s""."
"Failed to cancel the billing agreement.","Error al cancelar el acuerdo de pago."
"Failed to clear the JavaScript/CSS cache.","Fallo al eliminar la cache JavaScript/CSS."
"Failed to delete the billing agreement.","Error al eliminar el acuerdo de pago."
"Failed to update the profile.","Error al actualizar el perfil."
"Field","Campo"
"Field Mapping","Asignación de Campos"
"File","Archivo"
"File Information","Información del Archivo"
"File System","Sistema de Archivos"
"File mode","Modo de Archivos"
"File name:","Nombre del Archivo:"
"File size should be more than 0 bytes","Tamaño del archivo debe ser más de 0 bytes"
"Finished profile execution.","Terminado perfil de ejecución."
"First Invoice Created Date","Fecha de Creación de la Primera Factura"
"First Name","Nombre"
"First Name is required field.","El Nombre es necesario."
"First Name:","Nombre:"
"Fixed","Arreglado"
"Flush Catalog Images Cache","Vaciar cache del catálogo de imágenes"
"Flush JavaScript/CSS Cache","Vaciar cache de JavaScript/CSS"
"Flush Swatch Images Cache","Vaciar cache de Imagenes de Muestra"
"For category","Por categoría"
"For latest version visit: %s","Para la versión más actualizada visite: %s"
"For product","Por producto"
"Forgot Admin Password","Olvido la Contraseña del Administrador"
"Forgot your password?","¿Olvidó su contraseña?"
"Forgot your user name or password?","¿Olvidó su nombre de usuario o contraseña?"
"From","Desde"
"GLOBAL","GLOBAL"
"Gb","Gb"
"General Information","Información General"
"General Section","Sección General"
"Get Image Base64","Obtén imagen Base64"
"Get help for this page","Obtén ayuda para esta página"
"Give the verifier code to application administrator","Dar el codigo de verificacion, al administrador"
"Global Attribute","Atributo Global"
"Global Record Search","Búsqueda de Registro Global"
"Global Search","Búsqueda Global"
"Go Today","Ir Hoy"
"Go to messages inbox","Ir a los mensajes de la bandeja de entrada"
"Go to notifications","Ir a las notificaciones"
"Google Base","Google Base"
"Google Sitemaps","Google Sitemaps"
"Grand Total","Gran Total"
"Grid (default) / List","Cuadricula (predeterminado) / Lista"
"Grid Only","Solo Cuadricula"
"Group:","Grupo:"
"Guest","Invitado"
"HTTP (unsecure)","HTTP (inseguro)"
"HTTPS (SSL)","HTTPS (SSL)"
"Help Us Keep Magento Healthy - Report All Bugs","Participa en el fortalecimiento de Magento - Reporte todas las fallas"
"Helper attributes should not be used in custom layout updates.","Helper attributes should not be used in custom layout updates."
"Helper for options rendering doesn't implement required interface.","Helper for options rendering doesn't implement required interface."
"Home","Inicio"
"ID","ID"
"ID Path","ID Path"
"IP Address","Dirección IP"
"IPN (Instant Payment Notification) Only","Solamente IPN (Instant Payment Notification)"
"Id","Id"
"If there is an account associated with %s you will receive an email with a link to reset your password.","
Si hay una cuenta asociada con %s usted recibirá un correo electrónico con un enlace para restablecer tu contraseña."
"If this message persists, please contact the store owner.","Si este mensaje persiste, póngase en contacto con el administrador de la tienda."
"If you do not specify an option value for a specific store view then the default (Admin) value will be used.","Si no se especifica un valor opcional para una vista específica de la tienda entonces se usará el valor (Admin) predeterminado."
"Images (.gif, .jpg, .png)","Imágenes (.gif, .jpg, .png)"
"Images Cache","Cache de Imágenes"
"Import","Importar"
"Import Service","Importar Servicio"
"Import and Export","Importar y Exportar"
"Import and Export Tax Rates","Importar y Exportar Tarifas de Impuestos"
"Import/Export","Importar/Exportar"
"Import/Export Advanced","Importar/Exportar Avanzado"
"Import/Export Profile","Importar/Exportar Perfil"
"Important: ","Importante: "
"Imported <strong>%s</strong> records","Registros <strong>%s</strong> importados"
"In","Dentro"
"In Database:","Dentro de la base de datos:"
"In File:","En archivo:"
"Inactive","Inactivo"
"Incl. Tax","Incl. Impuestos"
"Incoming Message","Mensaje Entrante"
"Insert Variable...","Insertar Variable..."
"Interactive","Interactivo"
"Interface Locale: %s","Interfaz Local: %s"
"Invalid Form Key. Please refresh the page.","Clave formulario Inválida. Por favor, actualice la página."
"Invalid Import Service Specified","El servicio de importación seleccionado es inválido"
"Invalid POST data (please check post_max_size and upload_max_filesize settings in your php.ini file).","Dato POST inválido (revisar la configuración de post_max_size y upload_max_filesize en su archivo php.ini)"
"Invalid Secret Key. Please refresh the page.","Clave Secreta Inválida. Por favor, actualice la página."
"Invalid User Name or Password.","Nombre de Usuario o Contraseña Inválida"
"Invalid directory: %s","Directorio inválido: %s"
"Invalid email address ""%s"".","Email inválido ""%s""."
"Invalid email address.","Email inválido."
"Invalid file: %s","Archivo inválido: %s"
"Invalid input data for %s => %s rate","Datos de entrada inválidos para %s => %s tarifa"
"Invalid parent block for this block","Bloque Pariente inválido para este bloque"
"Invalid parent block for this block.","Bloque Pariente inválido para este bloque."
"Invalid password reset token.","Token para el restablecimiento de contraseña inválido."
"Invalid sender name ""%s"". Please use only visible characters and spaces.","Nombre del remitente inválido ""%s"". Por favor, use sólo caracteres y espacios visibles."
"Invalid timezone","Zona Horaria inválida"
"Invalidated","Invalidado"
"Inventory Stock Status","Estado de las existencias en el Inventario"
"Invoice #%s comment added","Comentario #%s añadido a la Nota de Remisión"
"Invoice #%s created","Nota de Remisión #%s creada"
"Invoice History","Historial de Notas de Remisión"
"Invoice Totals","Total de las Nota de Remisión"
"Invoice canceling error.","Error en la Nota de Remisión cancelada."
"Invoice capturing error.","Error en la Nota de Remisión capturada."
"Invoice voiding error.","Error la Nota de Remisión esta vacía."
"Invoices","Notas de Remisión"
"Is Closed","Está cerrada"
"Is Default","Es predeterminada"
"Issue Number","Número de Emisión"
"Items","Artículos"
"JavaScript seems to be disabled in your browser.","Parece estar deshabilitado en su navegador JavaScript."
"JavaScript/CSS","JavaScript/CSS"
"JavaScript/CSS Cache","Cache de JavaScript/CSS"
"Kb","Kb"
"Last 24 Hours","Las últimas 24 horas"
"Last 5 Orders","Los últimos 5 pedidos"
"Last 5 Search Terms","Los últimos 5 términos de Búsqueda"
"Last 7 Days","Los últimos 7 días"
"Last Credit Memo Created Date","Fecha de la última Nota de Remisión"
"Last Invoice Created Date","Fecha de la última Nota de Remisión"
"Last Logged In (%s):","Última vez que accedió (%s):"
"Last Logged In:","Último inicio de sesión:"
"Last Name","Apellido"
"Last Name is required field.","El Apellido es necesario."
"Last Name:","Apellido:"
"Last updated: %s. To refresh last day\'s <a href=""%s"">statistics</a>, click <a href=""%s"">here</a>.","Última Actualización: %s. Para actualizar las últimas <a href=""%s"">estadísitcas</a>, click <a href=""%s"">aquí</a>."
"Latest Message:","Último mensaje:"
"Layered Navigation Indices","Índices de Navegación por Capas"
"Layered Navigation Indices were refreshed.","Los Índice de Navegación por Capas fue renovado satisfactoriamente"
"Leave empty to use tax identifier","Dejar vacío para usar identificador de impuestos"
"Lifetime Sales","Ventas de siempre"
"Lifetime statistics have been updated.","Las estadísticas de toda la vida se han actualizado."
"Links","Enlaces"
"Links with associated products will retain only after saving current product.","Vínculos con productos asociados conservarán sólo después de guardar producto actual."
"List (default) / Grid","Lista (predeterminado) / Cuadricula"
"List Only","Solo Lista"
"Load Template","Cargar Plantilla"
"Load default template","Cargar plantilla predeterminada"
"Loading...","Cargando..."
"Local Server","Servidor Local"
"Local/Remote Server","Servidor Local/Remoto"
"Locale","Local"
"Log In","Iniciar Sesión"
"Log Out","Cerrar Sesión"
"Log in to Admin Panel","Acceder al Panel de Administracion"
"Log in to use <strong>%s</strong>","Iniciar Sesión para usar <strong>%s</strong>"
"Log into Magento Admin Page","Log into Magento Admin Page"
"Logged in as %s","Sesión Iniciada como %s"
"Login","Acceder"
"Low Stock","Poca disponiblidad"
"MAJOR","MAYOR"
"MINOR","MENOR"
"MS Excel XML","MS Excel XML"
"Magento Admin","Magento Admin"
"Magento Commerce - Administrative Panel","Magento Commerce - Panel de Administración"
"Magento Connect","Magento Connect"
"Magento Connect Manager","Magento Connect Manager"
"Magento Logo","Magento Logo"
"Magento is a trademark of Magento Inc. Copyright &copy; %s Magento Inc.","Magento is a trademark of Magento Inc. Copyright &copy; %s Magento Inc."
"Magento root directory","Carpeta raiz de Magento"
"Magento ver. %s","Magento ver. %s"
"Magento&trade; is a trademark of Magento Inc.<br/>Copyright &copy; %s Magento Inc.","Magento&trade; is a trademark of Magento Inc.<br/>Copyright &copy; %s Magento Inc."
"Make sure that data encoding in the file is consistent and saved in one of supported encodings (UTF-8 or ANSI).","Asegúrese de que la codificación de datos en el archivo es consistente y se guarda en una de codificaciones soportadas (UTF-8 o ANSI)."
"Manage Attribute Sets","Manage Attribute Sets"
"Manage Attributes","Administrar Atributos"
"Manage Categories","Administrar Categorías"
"Manage Content","Administrar contenido"
"Manage Currency Rates","Gestión de tasas de cambio"
"Manage Customers","Administrar Clientes"
"Manage Options (values of your attribute)","Administrar Opciones (valores de tu atributo)"
"Manage Ratings","Administrar Clasificaciones"
"Manage Stores","Administrar Tiendas"
"Manage Tax Rules","Administrar reglas de Impuestos"
"Manage Tax Zones and Rates","Administrar zonas de impuestos y tarifas"
"Manage Titles (Size, Color, etc.)","Administrar Titluos (Tamaño, Color, etc.)"
"Manual","Manual"
"Matched Expression","Expresión Similar"
"Maximum sender name length is 255. Please correct your settings.","Longitud máxima de nombre del remitente es de 255. Por favor, corrija los ajustes."
"Mb","Mb"
"Media (.avi, .flv, .swf)","Media (.avi, .flv, .swf)"
"Media storages synchronization has completed!","Sincronización almacenamientos Medios ha finalizado!"
"Messages Inbox","Mensajes Bandeja de entrada"
"Month","Mpes"
"Most Viewed","Más vistos"
"Most Viewed Products","Productos más Vistos"
"Multiple Select","Selección Múltiple"
"My Account","Mi cuenta"
"My Applications","Mis aplicaciónes"
"N/A","N/A"
"NOTICE","NOTICIA"
"Name","Nombre"
"Name:","Nombre:"
"Never (production)","Nunca (producción)"
"New ","Nuevo "
"New API Key","New API Key"
"New Accounts","Nueva Cuenta"
"New Attribute","Nuevo Atributo"
"New Block","Nuevo Bloque"
"New Category","Nueva Categoría"
"New Class","Nueva Clase"
"New Condition","Nueva Condición"
"New Custom Variable","Nueva Variable Personalizada"
"New Customer","Nuevo Cliente"
"New Customers","Nuevos Clientes"
"New Design Change","Nuevo cambio de Diseño"
"New Email Template","Nueva Plantilla de Email"
"New Group","Nuevo Grupo"
"New Invoice","Nueva Nota de Remisión"
"New Item Type","Nuev Tipo de Artículo"
"New Memo","Nuevo Memo"
"New Memo for #%s","Nuevo Memo para #%s"
"New Page","Nueva Página"
"New Password","Nueva Contraseña"
"New Poll","Nueva Encuesta"
"New Profile","Nuevo Perfil"
"New Rate","Nueva Tarifa"
"New Rating","Nueva Calificación"
"New Review","Nuevo COmentario"
"New Role","Nuevo Rol"
"New Rule","Nueva Regla"
"New Search","Nueva Búsqueda"
"New Set","Nuevo Conjunto"
"New Shipment","Nuev Envío"
"New Sitemap","Nuevo Sitemap"
"New Store View","Nueva Vista de la Tienda"
"New System Template","Nueva Plantilla del sistema"
"New Tag","Nueva etiqueta"
"New Template","Nueva Plantilla"
"New User","Nuevo Usiario"
"New Variable","Nueva Variable"
"New Website","Nuevo Website"
"New password field cannot be empty.","No puede estar vacío el campo de Nueva Contraseña"
"Newsletter","Newsletter"
"Newsletter Problems","Problemas con el Newsletter"
"Newsletter Queue","Cola del Newsletter"
"Newsletter Subscribers","Suscriptores del Newsletter"
"Newsletter Templates","Plantillas para el Newsletter"
"Next month (hold for menu)","Mes siguiente (mantenga para ver menú)"
"Next year (hold for menu)","Año siguiente (mantenga para ver menú)"
"No","No"
"No (price without tax)","No (precio sin impuestos)"
"No Data Found","No se encontraron datos"
"No Templates Found","No se encontraron Plantillas"
"No change","Sin cambio"
"No customer id defined.","No se definió el ID del Usuario"
"No information available.","No hay Información Disponible."
"No profile loaded...","No se cargó el perfíl..."
"No records found for this period.","No se encontraron registros para este periodo."
"No records found.","No se encontraron registros."
"No report code specified.","Ningún código de reporte especificado."
"No search keywords.","No hay palabras de Búsqueda."
"No search modules were registered","No hay módulos de Búsqueda registrados"
"No wishlist item id defined.","No está definido el ID del producto en la Lista de Deseos."
"None","Ninguno"
"Note:","Nota:"
"Notes","Notas"
"Notifications","Notificaciones"
"Number of Orders","Número de Pedidos"
"Number of Uses","Números de Uso"
"Number of Views","Número de Vistas"
"Number of records:","Número de Registro:"
"OAuth Consumers","OAuth Consumers"
"OAuth authorization for admin","OAuth authorization for admin"
"OAuth authorization simple for admin","OAuth authorization simple for admin"
"OK","OK"
"Old rate:","tarifa antigua:"
"Once you log into your PayPal Advanced account, navigate to the Service Settings - Hosted Checkout Pages - Set Up menu and set the options described below","Once you log into your PayPal Advanced account, navigate to the Service Settings - Hosted Checkout Pages - Set Up menu and set the options described below"
"Once you log into your PayPal Payflow Link account, navigate to the Service Settings - Hosted Checkout Pages - Set Up menu and set the options described below","Once you log into your PayPal Payflow Link account, navigate to the Service Settings - Hosted Checkout Pages - Set Up menu and set the options described below"
"One or more media files failed to be synchronized during the media storages syncronization process. Refer to the log file for details.","One or more media files failed to be synchronized during the media storages syncronization process. Refer to the log file for details."
"One or more of the Cache Types are invalidated:","Uno o más tipos de caché son inválidos:"
"Online Customers","Clientes Conectados"
"Only Once (version upgrade)","Sólo una vez (versión de actualización)"
"Only attributes with scope ""Global"", input type ""Dropdown"" and Use To Create Configurable Product ""Yes"" are available.","Sólo atributos con el ámbito ""Global"",tipo de entrada en ""menú desplegable"" y usar para crear un producto configurable ""Si"" están disponibles."
"Only mapped fields","Sólo campos asignados"
"Optional","Opcional"
"Options","Opciones"
"Options is required","Las Opciones son Necesarias"
"Order","Pedido"
"Order #%s","Pedido #%s"
"Order #%s (%s)","Pedido #%s (%s)"
"Order Created Date","Fecha de Creacion del Pedido"
"Order ID","ID del Pedido"
"Order Totals","Tatales de los Pedidos"
"Order Updated Date","Fecha de Actualización del Pedido"
"Order Updated Date report is real-time, does not need statistics refreshing.","El Reporte de la Fecha del Pedido es en tiempo real, no necesita actualizar las estadísticas."
"Orders","Pedidos"
"Original Magento attribute names in first row:","Nombres de atributos originales de Magento en la primera columna:"
"Out of stock","Sin Existencias"
"PDT (Payment Data Transfer) Only","Solamente PDT (Payment Data Transfer)"
"Package Extensions","Extensiones del paquete"
"Pages","Páginas"
"Parent Product Thumbnail","Imagen miniatura de producto raíz"
"Parent Transaction ID","Parent Transaction ID"
"Passive mode","Passive mode"
"Password","Contraseña"
"Password Confirmation","Confirmación del la Contraseña"
"Password confirmation must be same as password.","La contraseña y su confirmación tienen que ser las mismas."
"Password must be at least of %d characters.","La contraseña debe ser al menos de %d caracteres."
"Password must include both numeric and alphabetic characters.","La contraseña debe incluir tanto caracteres numéricos y alfabéticos."
"Password:","Contraseña:"
"Path:","Path:"
"Payment method instance is not available.","Instancia de método de pago no está disponible."
"Payment method is not available.","Forma de pago no está disponible."
"Payment method must be specified.","Forma de pago se debe especificar."
"Pending Reviews","Comentarios Pendientes"
"Pending Tags","Etiquetas Pendientes"
"Per Item","Por Artpiculo"
"Per Order","Por Pedido"
"Percent","Porcentaje"
"Performed At","A realizarse en"
"Period","Periodo"
"Permanent (301)","Permanente (301)"
"Permissions","Permisos"
"Personal Information","Información Personal"
"Phone:","Teléfono:"
"Please Select","Por favor seleccione"
"Please confirm site switching. All data that hasn\'t been saved will be lost.","Por favor confirme el cambio de sitio. Todos los datos que no han sido guardados serán perdidos."
"Please enter 6 or more characters.","Por favor ingrese 6 o más caracteres."
"Please enter a number greater than 0 in this field.","Por favor ingrese un Número Mayor a 0 en este campo."
"Please enter a valid $ amount. For example $100.00.","Por favor ingrese  una cantidad $ válida. Por ejemplo $100.00."
"Please enter a valid URL. For example http://www.example.com or www.example.com","Por favor ingrese una URL válida. Por ejemplo http://www.example.com or www.example.com"
"Please enter a valid URL. http:// is required","Por favor ingrese una URL válida. http:// es necesario"
"Please enter a valid credit card number.","Por favor ingrese un número válido de tarjeta de credito."
"Please enter a valid date.","Por favor ingrese una fecha válida."
"Please enter a valid email address. For example johndoe@domain.com.","por favor, ingrese una Dirección de Email válido. Por ejemplo johndoe@domain.com."
"Please enter a valid email.","Por favor, ingrese una Dirección de Email válido."
"Please enter a valid number in this field.","Por favor ingrese un Número válido en este campo."
"Please enter a valid phone number. For example (123) 456-7890 or 123-456-7890.","Por favor ingrese un número telefónico válido, por ejemplo (123) 456-7890 or 123-456-7890."
"Please enter a valid social security number. For example 123-45-6789.","Por favor ingrese un número de seguridad sociual válido, por ejemplo 123-45-6789."
"Please enter a valid value from list","Por favor ingrese una valor valido de la lista"
"Please enter a valid value, ex: 10,20,30","Por favor ingrese un valor válido, ejem: 10,20,30"
"Please enter a valid zip code.","Por favor ingrese un código postal válido."
"Please enter a valid zip code. For example 90602 or 90602-1234.","Por favor ingrese un código postal válido. Por ejemplo 90602 or 90602-1234."
"Please enter another credit card number to complete your purchase.","Por favor, introduzca otro número de tarjeta de crédito para completar su compra."
"Please enter password","Por favor, ingrese la contraseña"
"Please enter password to confirm rollback.","Por favor, introduzca la contraseña para confirmar."
"Please enter valid password.","Por favor ingrese una contraseña válida."
"Please make sure that all global admin search modules are installed and activated.","Por favor, asegúrese de que todos los módulos de administración de búsqueda globales están instalados y activados."
"Please make sure that your changes were saved before running the profile.","Por favor esté seguro de que todos los cambios fueron guardados antes de correr el perfil."
"Please make sure your passwords match.","Por favor asegúrese que las contraseñas coincidan."
"Please select State/Province.","Por favor seleccione el estado/provincia."
"Please select a customer.","Por favor seleccione un cliente."
"Please select a store.","Por favor seleccione una tienda."
"Please select an option.","Por favor seleccione una opción."
"Please select catalog searches.","Por favor seleccione las búsquedas de catálogo."
"Please select customer(s).","Por favor seleccione el o los clientes."
"Please select message(s).","Por favor, seleccione el o los mensaje."
"Please select one of the above options.","Por favor seleccione una de las opciones de arriba."
"Please select one of the options.","Por favor seleccione una de las opciones."
"Please select review(s).","Por favor seleccione el comentario(s)."
"Please select tag(s).","Por favor seleccione etiqueta(s)."
"Please specify backup creation options","Por favor, especifique las opciones de creación del backup"
"Please specify the admin custom URL.","Por favor, especifique la dirección URL de administración personalizada."
"Please try to logout and sign in again.","Por favor trate de cerrar la sesión e iniciarla de nuevo."
"Please type the letters from the image:","Por favor escriba las letras de la imagen:"
"Please use in this field only ""a-z,0-9,_"".","Por favor use en este campo ""a-z,0-9,_""."
"Please use letters only (a-z) in this field.","Por favor use letras solamente (a-z) en este campo."
"Please use numbers only in this field. Please avoid spaces or other characters such as dots or commas.","Por favor use Números solamente en este campo. Por favor no use espacios u otros caracteres como puntos o comas"
"Please use only letters (a-z or A-Z), numbers (0-9) or spaces in this field.","Por favor use sólo letras (a-z) o Números (0-9) sólo en este campo."
"Please use only letters (a-z) or numbers (0-9) only in this field. No spaces or other characters are allowed.","Por favor use sólo letras (a-z) o Números (0-9) sólo en este campo. No se permiten espacios u otros caracteres."
"Please use only letters (a-z) or numbers (0-9) or spaces and # only in this field.","Por favor use en este campo sólo letras (a-z) o Números (0-9) o espacios o # solamente."
"Please use this date format: dd/mm/yyyy. For example 17/03/2006 for the 17th of March, 2006.","Por favor use este formato de fecha: dd/mm/aaaa. Por ejemplo  17/03/2015 para el 17 de marzo del, 2015."
"Please wait while the indexes are being refreshed.","Por favor espere mientras los índices se están recargandose."
"Please wait, loading...","Por favor espere, cargando..."
"Please wait...","Por favor espere..."
"Please, add some answers to this poll first.","Por favor, primero agregue unas cuantas respuestas a la encuesta."
"Please, select ""Visible in Stores"" for this poll first.","Por favor, primero seleccione las ""Tiendas Visibles" para esta encuesta"
"Poll Manager","Administrador de Encuestas"
"Polls","Encuestas"
"Popular","Popular"
"Position","Posición"
"Position of Watermark for %s","Posición de la marca de agua para %s"
"Pregenerated configurable swatches image files.","Muestras configurables archivos de imágenes generadas previamente."
"Pregenerated product images files.","Archivos de imágenes de productos pregeneradas."
"Prev. month (hold for menu)","Mes ant. (mantenga para ver menú)"
"Prev. year (hold for menu)","Año ant. (mantenga para ver menú)"
"Preview","Previsualizar"
"Preview Template","Previsualizar Plantilla"
"Price","Precio"
"Price alert subscription was saved.","La suscripción a las alertas de precio fue guardada exitosamente."
"Price:","Precio:"
"Processed <strong>%s%% %s/%d</strong> records","Registros <strong>%s%% %s/%d</strong> procesados"
"Product","Producto"
"Product Name","Nombre del Producto"
"Product Reviews","Reseñas del Producto"
"Product Tax Classes","Tipos de Impuestos del Producto"
"Product Thumbnail Itself","Miniatura del Producto"
"Product is not loaded.","No se ha cargado el Producto."
"Product:","Producto:"
"Products","Productos"
"Products Bestsellers Report","Reporte de Productos mas Vendidos"
"Products Most Viewed Report","Reporte de Productos más Vistos"
"Products Ordered","Productos pedidos"
"Products in Carts","Productos en Carritos"
"Profile Action","Perfil de Acción"
"Profile Actions XML","Perfil de Acción XML"
"Profile Direction","Dirección del Perfil"
"Profile History","Historial del Perfil"
"Profile Information","Información del Perfil"
"Profile Name","Nombre del Perfil"
"Profile Payments","Pagos del Perfil"
"Profile Schedule","Agenda del Perfil"
"Profile Wizard","Asistente de perfil"
"Profiles","Perfiles"
"Promo","Promoción"
"Promotions","Promociones"
"Purchased Item","Artículos Comprados"
"Put store on the maintenance mode while backup creation","Ponga tienda en el modo de mantenimiento, mientras se realiza el Backup"
"Put store on the maintenance mode while rollback processing","Ponga tienda en el modo de mantenimiento, mientras se restaura un Backup"
"Quantity","Cantidad"
"Queue Refresh","Actualizar COla"
"Queued... Cancel","En cola... cancelar"
"REST Roles","REST Roles"
"Radio Buttons","Radio Buttons"
"Rates","Tarifas"
"Read details","Leer Detalles"
"Rebuild","Reconstruir"
"Rebuild Catalog Index","Reconstruir Índice de Catálogo"
"Rebuild Flat Catalog Category","Rebuild Flat Catalog Category"
"Rebuild Flat Catalog Product","Rebuild Flat Catalog Product"
"Recent Orders","Pedidos Recientes"
"Recent statistics have been updated.","Las estadísticas recientes se han actualizado."
"Recurring Profile View","Ver Perfiles Recurrentes"
"Recursive Dir","Recursive Dir"
"Redirect","Redirigir"
"Reference","Referencia"
"Reference ID","ID de Referencia"
"Refresh","Actualizar"
"Refresh Now*","Actualizar Ahora*"
"Refresh Statistics","Actualizar estadisticas"
"Region/State","Estado/Región"
"Regular Price:","Precio Regular:"
"Reject","Rechazar"
"Reject token authorization Pop Up for admin","Reject token authorization Pop Up for admin"
"Reject token authorization for admin","Reject token authorization for admin"
"Rejection Of Authorization","Rejection Of Authorization"
"Release","Liberar"
"Release Stability","Estabilidad de lanzamiento"
"Release Version","Version de lanzamiento"
"Reload captcha","ReCargar captcha"
"Remote FTP","Remote FTP"
"Remove","Quitar"
"Reports","Reportes"
"Request Path","Request Path"
"Required","Necesario"
"Reset","Restablecer"
"Reset Filter","Restablecer Filtro"
"Reset Password","Restablecer Contraseña"
"Reset a Password","Restablecer una Contraseña"
"Resize","Cambiar el Tamaño"
"Resource Access","Acceso al recurso"
"Resources","Recursos"
"Results","Resultados"
"Retrieve Password","Recuperar contraseña"
"Return Html Version","Regresar a la versión en HTML"
"Revenue","Ingresos"
"Reviews","Comentarios"
"Reviews and Ratings","Comentarios y Calificaciones"
"Rewrite Rules","Reglas de reescritura"
"Role ID","ID del Rol"
"Role Info","Información del Rol"
"Role Information","Información del Rol"
"Role Name","Nombre del Rol"
"Role Resources","Recursos del Rol"
"Role Users","Usuarios del Rol"
"Roles","Roles"
"Roles Resources","Recursos de los Roles"
"Root Category","Categoría Raiz"
"Rotate CCW","Rotate CCW"
"Rotate CW","Rotate CW"
"Run","Ejecutar"
"Run Profile","Ejecutar Perfil"
"Run Profile Inside This Window","Ejecutar perfil dentro de esta ventana"
"Run Profile in Popup","Ejecutar perfil em Popup"
"Running... Kill","Ejecutando... Kill"
"SKU","SKU"
"SKU:","SKU:"
"SSL Error: Invalid or self-signed certificate","Error SSL: Certificado inválido o no firmado"
"Sales","´Ventas"
"Sales Report","Reporte de Ventas"
"Samples","Ejemplos"
"Save","Guardar"
"Save & Generate","Guardar & Generar"
"Save Account","Guardar Cuenta"
"Save Cache Settings","Guardar Configuración de caché"
"Save Config","Guardar Configuración"
"Save Currency Rates","Guarde los cambios de moneda"
"Save Profile","Guardar Perfil"
"Save Role","Guardar Rol"
"Save Template","Guardar Plantilla"
"Save User","Guardar Usuario"
"Save and Continue Edit","Guardar y continuar editando"
"Search","Búsqueda"
"Search Index","Buscar Índice "
"Search Term","Buscar Término"
"Search Terms","Buscar Términos"
"Select","Seleccionar"
"Select All","Seleccionar Todos"
"Select Category","Seleccionar Categoría"
"Select Date","Seleccionar Fecha"
"Select Range","Seleccionar Rango"
"Select date","Seleccionar fecha"
"Selected allowed currency ""%s"" is not available in installed currencies.","Divisa Seleccionada permitida ""%s"" no está disponible en las divisas instaladas."
"Selected base currency is not available in installed currencies.","Divisa base seleccionada no está disponible en las divisas instaladas."
"Selected default display currency is not available in allowed currencies.","Divisa predeterminada a mostrar seleccionada no está disponible en las divisas permitidas."
"Selected default display currency is not available in installed currencies.","Divisa predeterminada a mostrar seleccionada no está disponible en las divisas instaladas."
"Self-assigned roles cannot be deleted.","Los Roles auto-asignados no se pueden eliminar."
"Sender","Remitente"
"Separate Email","Email separado"
"Shipment #%s comment added","Comentario #%s de envío añadido"
"Shipment #%s created","Envíos #%s Creados"
"Shipment Comments","Comentaros de Envíos"
"Shipment History","Historial de Envíos"
"Shipments","Los envíos"
"Shipping","Envíos"
"Shipping Address","Dirección de Envío"
"Shipping Address: ","Dirección de Envío: "
"Shipping Origin","Origen del Envío"
"Shipping Price","Precio del Envío"
"Shipping address selection is not applicable","Selección de la dirección de envío no es aplicable"
"Shipping method must be specified.","Debe de especificarse un método de envío."
"Shipping method selection is not applicable","El método de envío seleccionado no es aplicable"
"Shopping Cart","Carrito de Compra"
"Shopping Cart Price Rules","Reglas de Precios del Carrito de Compras"
"Shopping Cart from %s","Carrito de Compras de %s"
"Show By","Mostrar por"
"Show Report For:","Mostrar Reporte por:"
"Show Reviews","Mostrar Comentarios"
"Sitemap Information","Sitemap Information"
"Size for %s","Tamaño para %s"
"Skip Category Selection","Saltar selección de categoría"
"Some items in this order have different invoice and shipment types. You can create shipment only after the invoice is created.","Algunos artículos en este pedido tienen diferentes facturas y tipos de envío."
"Some of the ordered items do not exist in the catalog anymore and will be removed if you try to edit the order.","Algunos de los artículos pedidos no existen en el catálogo y serán quitados si intenta modificar el pedido."
"Sorry, this feature is coming soon...","Disculpe, esta característica estará disponible pronto..."
"Special Price:","Precio Especial:"
"Specific Countries","Especificar países"
"Specified","Especificado"
"Specified profile does not exist.","Perfil especificado no existe."
"Spreadsheet Name:","Nombre de la hoja de cálculo:"
"Start Date","Fecha de inicio"
"Starting profile execution, please wait...","Comenzando la ejecución del Perfil, por favor espere..."
"State/Province:","Estado/Provincia:"
"Static Blocks","Bloques estáticos"
"Status","Estado"
"Status:","Estado:"
"Stock Quantity:","Cantidad de Existencias:"
"Stock notification was saved.","La notificación de existencias fue guardada satisfactoriamente."
"Store","Tienda"
"Store Email Addresses Section","Sección de direcciones de Email de tienda"
"Store View","Vista de la Tienda"
"Store:","Tienda:"
"Stores","Tiendas"
"Subject","Asunto"
"Submit","Enviar"
"Subpackage cannot be conflicting.","El Sub paquete no puede ser conflictivo."
"Subtotal","Subtotal"
"Switch/Solo/Maestro Only","Switch/Solo/Maestro Only"
"Symbol","Símbolo"
"Synchronization is required.","La sincronización es necesaria."
"Synchronization of media storages has been successfully completed.","Sincronización de soportes audiovisuales, se ha completado con éxito."
"Synchronize","Sincronizar"
"Synchronizing %s to %s","Sincronización %s a %s"
"Synchronizing...","Sincronizando..."
"System","Sistema"
"System Section","Sección del Sistema"
"System busy","Sistema ocupado"
"Tags","Etiquetas"
"Target Path","Ruta de destino"
"Tax","Impuesto"
"Tb","Tb"
"Template","Plantilla"
"Template Content","Contenido de la Plantilla"
"Template Information","Información de la Plantilla"
"Template Name","Nombre de la Plantilla"
"Template Styles","Estilos de la Plantilla"
"Template Subject","Asunto de la Plantilla"
"Template Type","Tipo de Plantilla"
"Temporary (302)","Temporal (302)"
"Terms and Conditions","Términos y condiciones"
"Text","Texto"
"The Catalog Rewrites were refreshed.","Las reescrituras Catálogo fueron actualizados."
"The CatalogInventory Stock Status has been rebuilt.","El Estado de las existencias del Catálogo/Inventario ha sido reconstruido."
"The Comment Text field cannot be empty.","El campo Comentario de texto no puede estar vacío."
"The Flat Catalog Product was rebuilt","The Flat Catalog Product was rebuilt"
"The JavaScript/CSS cache has been cleaned.","La Cache JavaScript/CSS cache se ha limpiado."
"The JavaScript/CSS cache has been cleared.","La Cache JavaScript/CSS cache se ha vaciado."
"The Layered Navigation indexing has been queued.","La indexación en capas de navegación ha puesto en cola."
"The Layered Navigation indexing queue has been canceled.","La cola de la indexación en capas de navegación se ha cancelado."
"The Layered Navigation indices were refreshed.","Los índices en capas de navegación fueron actualizados."
"The Layered Navigation process has been queued to be killed.","El proceso en capas navegación ha puesto en cola para ser asesinados."
"The Magento cache storage has been flushed.","El almacenamiento caché Magento se ha vaciado."
"The URL Rewrite has been deleted.","La reescritura de URL ha sido borrada."
"The URL Rewrite has been saved.","La reescritura de URL se ha guardada."
"The account has been saved.","La cuenta se ha guardado."
"The archive can be uncompressed with <a href=""%s"">%s</a> on Windows systems","El archivo puede ser descomprimido con <a href=""%s"">%s</a> en Sistemas Windows"
"The attribute set has been removed.","El conjunto de atributos se ha eliminado."
"The backup's creation process will take time.","Proceso de creación del backup tardará tiempo."
"The billing agreement has been canceled.","El acuerdo de compra ha sido cancelado."
"The billing agreement has been deleted.","El acuerdo de compra ha sido borrado."
"The cache storage has been flushed.","El almacenamiento de caché se ha vaciado."
"The carrier needs to be specified.","El vehículo debe ser especificado."
"The catalog index has been rebuilt.","El índice del catálogo ha sido reconstruido."
"The catalog rewrites have been refreshed.","Las reescrituras catálogo han sido actualizados."
"The configurable swatches image cache was cleaned.","El caché de imágenes muestras configurables fue limpiada."
"The configuration has been saved.","La configuración se ha guardado."
"The credit memo has been canceled.","La nota de remisión ha sido cancelada."
"The credit memo has been created.","La nota de remisión ha sido creada."
"The credit memo has been voided.","La nota de remisión ha sido anulada."
"The custom variable has been deleted.","Se ha suprimido la variable personalizada."
"The custom variable has been saved.","La variable personalizada se ha guardado."
"The customer has been deleted.","El cliente ha sido eliminado."
"The customer has been saved.","El cliente se ha guardado."
"The design change has been deleted.","El cambio de diseño ha sido borrado."
"The design change has been saved.","El cambio de diseño se ha guardado."
"The email address is empty.","La dirección de correo electrónico está vacía."
"The email template has been deleted.","La plantilla de correo electrónico ha sido borrada."
"The email template has been saved.","La plantilla de email se ha guardado."
"The flat catalog category has been rebuilt.","The flat catalog category has been rebuilt."
"The group node name must be specified with field node name.","El nombre de nodo de grupo se debe especificar con el campo de nombre de nodo."
"The image cache was cleaned.","El caché de imágenes se ha limpiado."
"The image cache was cleared.","El caché de imágenes se ha vaciado."
"The invoice and shipment have been created.","La nota de remisión y el envío se han creado."
"The invoice and the shipment  have been created. The shipping label cannot be created at the moment.","Han creado la factura y el envío. La etiqueta de envío no se puede crear en este momento."
"The invoice has been canceled.","La nota de  remisión ha sido cancelada."
"The invoice has been captured.","La nota de  remisión ha sido capturada."
"The invoice has been created.","La nota de  remisión ha sido creada."
"The invoice has been voided.","La nota de  remisión ha sido anulada."
"The invoice no longer exists.","La nota de  remisión no existe."
"The item %s (SKU %s) does not exist in the catalog anymore.","El artículo %s (SKU %s) no existe en el catálogo."
"The order does not allow creating an invoice.","El pedido no permite la creación de una nota de remisíón."
"The order no longer exists.","El Pedido ya no existe."
"The poll has been deleted.","La encuesta ha sido borrada."
"The poll has been saved.","La encuesta ha sido guardada."
"The profile has been deleted.","El perfil ha sido borrado."
"The profile has been saved.","El perfil ha sido guardado."
"The profile has been updated.","El perfil ha sido actualizado."
"The profile has no changes.","El perfil no tiene cambios."
"The profile you are trying to save no longer exists","El perfil que están tratando de guardar ya no existe"
"The rating has been deleted.","La calificación ha sido borrado."
"The rating has been saved.","La calificación ha sido guardada."
"The role has been deleted.","El Rol ha sido borrado."
"The role has been saved.","El Rol ha sido guardado."
"The role has been successfully saved.","El Rol ha sido guardado exitosamente."
"The search index has been rebuilt.","El índice de búsqueda se ha reconstruido."
"The shipment has been created.","El envío ha sido creado."
"The shipment has been sent.","El pedido ha sido enviado."
"The shipping label has been created.","La etiqueta de envío se ha creado."
"The tag has been deleted.","La etiqueta ha sido borrada."
"The tag has been saved.","La etiqueta ha sido guardada."
"The transaction details have been updated.","Los detalles de la transacción se han actualizado."
"The user has been deleted.","El usuario ha sido eliminada."
"The user has been saved.","El usuario ha sido guardado."
"Themes JavaScript and CSS files combined to one file.","Themes JavaScript and CSS files combined to one file."
"There is an error in one of the option rows.","Hay un error en una de las filas de opción."
"This Account is","Esta cuenta es"
"This Email template no longer exists.","Esta plantilla de correo electrónico ya no existe."
"This Role no longer exists","Este Rol ya no existe"
"This Role no longer exists.","Este Rol ya no existe."
"This account is","Esta cuenta es"
"This account is inactive.","Esta cuenta está inactiva."
"This action cannot be undone.","Esta acción no se puede deshacer."
"This attribute set does not have attributes which we can use for configurable product","Este conjunto de atributos no tiene atributos que podemos utilizar para el producto configurable"
"This attribute shares the same value in all the stores","Este atributo comparte el mismo valor en todas las tiendas"
"This is a demo store. Any orders placed through this store will not be honored or fulfilled.","Esta es una tienda de demostración. Cualquier pedido realizado a través de esta tienda no será procesado ni atendido."
"This is a required field.","Es un campo necesario."
"This product is currently disabled.","Este producto está actualmente desactivado."
"This report depends on timezone configuration. Once timezone is changed, the lifetime statistics need to be refreshed.","Este informe depende de la configuración del huso horario. Una vez que se cambia la zona horaria, las estadísticas de toda la vida deben actualizar."
"This section is not allowed.","Esta sección no está permitido."
"This user no longer exists.","Este usuario ya no existe."
"Time","Tiempo"
"Time selection:","Selección de hora:"
"Time:","Tiempo:"
"Timeout limit for response from synchronize process was reached.","Se alcanza el límite de tiempo de espera para la respuesta del proceso de sincronización."
"To","A"
"To cancel pending authorizations and release amounts that have already been processed during this payment, click Cancel.","Para cancelar la espera de las autorizaciones y las cantidades de emisiones que ya han sido procesados durante este pago, haga clic en Cancelar."
"To use PayPal Payflow Link, you must configure your PayPal Payflow Link account on the PayPal website.","To use PayPal Payflow Link, you must configure your PayPal Payflow Link account on the PayPal website."
"To use PayPal Payments Advanced, you must configure  your PayPal Payments Advanced account on the PayPal website.","To use PayPal Payments Advanced, you must configure  your PayPal Payments Advanced account on the PayPal website."
"Toggle Editor","Modificar Interruptor"
"Tools","Herramientas"
"Top 5 Search Terms","Los 5 más buscados"
"Total","Total"
"Total Invoiced","Total Facturado"
"Total Order Amount","Cantidad total del pedido"
"Total Refunded","Total de reembolsos"
"Total of %d record(s) have been deleted.","Total de %d registros fueron eliminados."
"Total of %d record(s) have been updated.","Total de %d registros fueron actualizados."
"Total of %d record(s) were canceled.","Total de %d registros cancelados."
"Total of %d record(s) were deleted","Total de %d registros eliminados"
"Total of %d record(s) were deleted.","Total de %d registros eliminados."
"Total of %d record(s) were updated","Total de %d registros actualizados"
"Total of %d record(s) were updated.","Total de %d registros actualizados."
"Track Order","Rastrear Pedido"
"Track this shipment","Ratrear este envío"
"Tracking number %s for %s assigned","Números %s de seguimiento %s asignados"
"Tracking number cannot be empty.","El número de guía no puede quedar vacío."
"Transaction Data","Datos de la transacción"
"Transaction Details","Detalles de transacción"
"Transaction ID","ID de la transacción"
"Transaction Type","Tipo de la transacción"
"Transactional Emails","Transactional Emails"
"Transactions","Transacciones"
"Type","Tipo"
"Type:","Tipo:"
"URL Rewrite","Reescritura de URL"
"URL Rewrite Information","Información de la Reescritura de URL"
"URL Rewrite Management","Administracion de la Reescritura de URL"
"Unable to cancel the credit memo.","No puede cancelar la nota de remisión."
"Unable to find a Email Template to delete.","Imposible encontrar la plantilla de email a eliminar."
"Unable to find a poll to delete.","Imposible encontrar la encuesta a eliminar."
"Unable to find a tag to delete.","Imposible encontrar la etiqueta a eliminar."
"Unable to find a user to delete.","Imposible encontrar el usuario para eliminar."
"Unable to initialize import model","Imposible de inicializar el modelo de importación"
"Unable to refresh lifetime statistics.","Imposible actualizar todas las estadísticas."
"Unable to refresh recent statistics.","Imposible actualizar las estadísticas recientes."
"Unable to save the cron expression.","No es posible guardar la expresión Cron."
"Unable to save the invoice.","Imposible guardar la factura."
"Unable to send the invoice email.","Imposible enviar la factura por email."
"Unable to send the shipment email.","Imposible enviar el email de envío."
"Unable to update transaction details.","Imposible actualizar los detalles de la transacción."
"Unable to void the credit memo.","Imposible anular la nota de remisión."
"Unknown","Desconocido"
"Unlimited","Ilimitado"
"Update","Actualizar"
"Updated At","Actualizado A"
"Upload File","Subir Archivo"
"Upload Files","Subir Archivo"
"Upload HTTP Error","Upload HTTP Error"
"Upload I/O Error","Upload I/O Error"
"Upload Security Error","Upload Security Error"
"Upload import file","Upload import file"
"Uploaded file is larger than %.2f kilobytes allowed by server","Uploaded file is larger than %.2f kilobytes allowed by server"
"Use All Available Attributes","Utilice todos los atributos disponibles"
"Use Config Settings","Utilice Opciones de Configuración"
"Use Default","Usar predeterminado"
"Use Default Value","Usar valor predeterminado"
"Use Default Variable Values","Usar valores de variables predeterminadas"
"Use FTP Connection","Usar conexion FTP"
"Use Website","Usar sitio web"
"Used Currently For","Actualmente se utilizan para"
"Used as Default For","Se utiliza como predeterminado Para"
"User Email","Email de Usuario"
"User ID","ID de Usuario"
"User Info","Info de Usuario"
"User Information","Información de Usuario"
"User Name","Nombre de Usuario"
"User Name is required field.","El Nombre de Usuario es necesario."
"User Name:","Nombre de Usuario:"
"User Password","Contraseña de Usuario"
"User Role","Rol de Usuario"
"User Roles","Roles de Usuario"
"User Roles Information","Información de los Roles de Usuario"
"User Type Resources","Tipos de Recursos de Usuarios"
"User name","Nombre de Usuario"
"Users","Usuarios"
"VAT Number is Invalid","VAT Number is Invalid"
"VAT Number is Valid","VAT Number is Valid"
"Validation Results","Resultados de la Validación"
"Value","Valor"
"Value Delimiter:","Delimitador de Valos:"
"Variable","Variable"
"Variable Code","Codigo Variable"
"Variable HTML Value","Variable HTML Value"
"Variable ID","ID de Variable"
"Variable Name","Nombre de Variable"
"Variable Plain Value","Variable Plain Value"
"Verifier code: %s","Código  de Verificación: %s"
"View Actions XML","View Actions XML"
"View Full Size","Ver tamaño completo"
"View Memo","Ver Nota de Remisión"
"View Memo for #%s","Ver Nota de Remisión para #%s"
"View Shipment","Ver envío"
"View Statistics For:","Ver estadística para:"
"Visibility:","Visibilidad:"
"Warning","Advertencia"
"Warning! Empty value can cause problems with CSV format.","¡Atención! Valores vacíos pueden causar problemas con el formato CSV."
"Warning!\r\nThis action will remove this user from already assigned role\r\nAre you sure?","Warning!\r\nThis action will remove this user from already assigned role\r\nAre you sure?"
"Warning!\r\nThis action will remove those users from already assigned roles\r\nAre you sure?","Warning!\r\nThis action will remove those users from already assigned roles\r\nAre you sure?"
"Warning: Please do not close the window during importing/exporting data","Warning: Please do not close the window during importing/exporting data"
"Watermark File for %s","Watermark File for %s"
"We appreciate our merchants\' feedback, please <a href=""#"" onclick=""surveyAction(\'yes\'); return false;"">take our survey</a> to provide insight on the features you would like included in Magento. <a href=""#"" onclick=""surveyAction(\'no\'); return false;"">Remove this notification</a>","We appreciate our merchants\' feedback, please <a href=""#"" onclick=""surveyAction(\'yes\'); return false;"">take our survey</a> to provide insight on the features you would like included in Magento. <a href=""#"" onclick=""surveyAction(\'no\'); return false;"">Remove this notification</a>"
"We\'re in our typing table, coding away more features for Magento. Thank you for your patience.","We\'re in our typing table, coding away more features for Magento. Thank you for your patience."
"Web Section","Sección Web"
"Web Services","Servicios Web"
"Web services","Servicios Web"
"Website","Sitio Web"
"What is this?","¿Qué es esto?"
"Wishlist Report","Reporte de la Lista de Deseos"
"Wishlist item is not loaded.","Articulo de la Lista de Deseos no se ha cargado."
"Wrong account specified.","Cuenta incorrecta."
"Wrong billing agreement ID specified.","Wrong billing agreement ID specified."
"Wrong column format.","Wrong column format."
"Wrong newsletter template.","Plantilla de Correo Incorrecta."
"Wrong quote item.","Wrong quote item."
"Wrong tab configuration.","Wrong tab configuration."
"Wrong tag was specified.","Wrong tag was specified."
"Wrong transaction ID specified.","Wrong transaction ID specified."
"XML","XML"
"XML data is invalid.","Datos XML invalidos."
"XML object is not instance of ""Varien_Simplexml_Element"".","XML object is not instance of ""Varien_Simplexml_Element""."
"YTD","YTD"
"Year","Año"
"Yes","Si"
"Yes (301 Moved Permanently)","Si (301 Movido Permanentemente)"
"Yes (302 Found)","Si (302 Found)"
"Yes (only price with tax)","Si (sólo precio con impuesto)"
"You cannot delete your own account.","Usted no puede eliminar su propia cuenta."
"You have %s unread message(s).","Usted tiene %s Mensajes sin leer."
"You have %s unread message(s). <a href=""%s"">Go to messages inbox</a>.","Usted tiene %s Mensajes sin leer. <a href=""%s"">Ir a la bandeja de entrada</a>."
"You have %s, %s and %s unread messages. <a href=""%s"">Go to messages inbox</a>.","Usted tiene %s, %s y %s mensajes sin leer <a href=""%s"">Ir a la Bandeja de Entrada</a>."
"You have logged out.","Ha cerrado la sesión."
"You have not enough permissions to use this functionality.","No tienes suficientes permisos para utilizar esta funcionalidad."
"You must have JavaScript enabled in your browser to utilize the functionality of this website.","Usted debe tener habilitado JavaScript en su navegador para utilizar la funcionalidad de este sitio web."
"You need to specify order items.","Es necesario especificar artículos del pedido"
"You will need to wait when the action ends.","Usted tendrá que esperar cuando la acción termine."
"Your answers contain duplicates.","Sus respuestas contienen duplicados."
"Your password has been updated.","Su contraseña ha sido actualizada."
"Your password reset link has expired.","Su enlace de cambio de contraseña ha caducado."
"Your server PHP settings allow you to upload files not more than %s at a time. Please modify post_max_size (currently is %s) and upload_max_filesize (currently is %s) values in php.ini if you want to upload larger files.","Your server PHP settings allow you to upload files not more than %s at a time. Please modify post_max_size (currently is %s) and upload_max_filesize (currently is %s) values in php.ini if you want to upload larger files."
"Your web server is configured incorrectly. As a result, configuration files with sensitive information are accessible from the outside. Please contact your hosting provider.","Your web server is configured incorrectly. As a result, configuration files with sensitive information are accessible from the outside. Please contact your hosting provider."
"Zip/Postal Code","Código Postal"
"Zip/Postal Code:","Código Postal:"
"[ deleted ]","[ eliminado ]"
"[GLOBAL]","[GLOBAL]"
"[STORE VIEW]","[STORE VIEW]"
"[WEBSITE]","[WEBSITE]"
"b","b"
"close","cerrar"
"critical","critico"
"example: ""sitemap/"" or ""/"" for base path (path must be writeable)","example: ""sitemap/"" or ""/"" for base path (path must be writeable)"
"example: sitemap.xml","example: sitemap.xml"
"failed","fallo"
"from","desde"
"major","mayor"
"minor","menor"
"notice","aviso"
"store(%s) scope","Ambito (%s) de la tienda"
"successful","exitoso"
"to","a"
"website(%s) scope","website(%s) scope"
"{{base_url}} is not recommended to use in a production environment to declare the Base Unsecure URL / Base Secure URL. It is highly recommended to change this value in your Magento <a href=""%s"">configuration</a>.","{{base_url}} is not recommended to use in a production environment to declare the Base Unsecure URL / Base Secure URL. It is highly recommended to change this value in your Magento <a href=""%s"">configuration</a>."
